,element_pixel_intensity_488,element_pixel_intensity_405,element_pixel_intensity_ratio,element_Volume_Voxel,element_length_(um),element_average_width
element_pixel_intensity_488,1.0,0.5720318271204582,-0.022278959709803748,0.17256239002289156,0.08764019042256883,0.41820049249158997
element_pixel_intensity_405,0.5720318271204582,1.0,0.7353304361912772,0.09664156014659805,0.04768019578645654,0.24162055121725726
element_pixel_intensity_ratio,-0.022278959709803748,0.7353304361912772,1.0,-0.02022826023751416,-0.015370306894958703,-0.03402800208241678
element_Volume_Voxel,0.17256239002289156,0.09664156014659805,-0.02022826023751416,1.0,0.9656846685959964,0.45575316925968207
element_length_(um),0.08764019042256883,0.04768019578645654,-0.015370306894958703,0.9656846685959964,1.0,0.27199736217015014
element_average_width,0.41820049249158997,0.24162055121725726,-0.03402800208241678,0.45575316925968207,0.27199736217015014,1.0
