,element_pixel_intensity_488,element_pixel_intensity_405,element_pixel_intensity_ratio,element_Volume_Voxel,element_length_(um),element_average_width
element_pixel_intensity_488,1.0,0.6564933601443584,-0.1528756365216682,0.1018483811062678,0.04268461940159175,0.31639771454776827
element_pixel_intensity_405,0.6564933601443584,1.0,0.541742415193361,0.04787258742479693,0.01152111369567813,0.1850241056306873
element_pixel_intensity_ratio,-0.1528756365216682,0.541742415193361,1.0,-0.05340205152292479,-0.047572841908806146,-0.06128779473217909
element_Volume_Voxel,0.1018483811062678,0.04787258742479693,-0.05340205152292479,1.0,0.9674764461743264,0.4514353609885356
element_length_(um),0.04268461940159175,0.01152111369567813,-0.047572841908806146,0.9674764461743264,1.0,0.2733658352496014
element_average_width,0.31639771454776827,0.1850241056306873,-0.06128779473217909,0.4514353609885356,0.2733658352496014,1.0
